{"noiseKey":{"private":{"type":"Buffer","data":"KNPAvhTbVAdSedG5QqsOUtgfoWHm76eMBG4dWHGjKUI="},"public":{"type":"Buffer","data":"1jnQPA9yKF4wNV5VMNuEUXwo1ky/IjEXVTWw57qRFmk="}},"pairingEphemeralKeyPair":{"private":{"type":"Buffer","data":"oKhVtYc6qLagBERcoBdeZh0AlL4yvoHimWbeuI6Z73E="},"public":{"type":"Buffer","data":"nE7VSyH768TweXTLxZC+r5LSANzTMi5ougY0e/tEh1c="}},"signedIdentityKey":{"private":{"type":"Buffer","data":"yJxc3o4saU1XV7CznL4ZYLS3EwF/mAMGhDNIoc+pJns="},"public":{"type":"Buffer","data":"s/8hEPr275rLaaA0ULCRS8HiPyyCbKrFlxTb9s1fLWI="}},"signedPreKey":{"keyPair":{"private":{"type":"Buffer","data":"8IfUjA+oG/+LDH34DryuZC9eRGaTFqoYA0T+c3ChK1c="},"public":{"type":"Buffer","data":"o5HhBU9Q0D0tMokhPGmezIPR+29sgp0qskxXw/sCF1Y="}},"signature":{"type":"Buffer","data":"+W7EAvDqDBT4k5jzRlBWLgoggNEjzkLERRRZgqdI82uW3pWsBaOJbldTZQja85wiNp8sDeEyxes2mNla/8tLCw=="},"keyId":1},"registrationId":253,"advSecretKey":"Yjsu/K2ixwLtPP7XBOXO76raqeqaXKZiBMRkydsUXTM=","processedHistoryMessages":[{"key":{"remoteJid":"6285723701289@s.whatsapp.net","fromMe":true,"id":"D50429E7E0A28AE9CBD30AEE9E02642C"},"messageTimestamp":1714481957},{"key":{"remoteJid":"6285723701289@s.whatsapp.net","fromMe":true,"id":"011FCF8CF3A41F01827EE6454E28EF71"},"messageTimestamp":1714481957}],"nextPreKeyId":31,"firstUnuploadedPreKeyId":31,"accountSyncCounter":1,"accountSettings":{"unarchiveChats":false},"deviceId":"X7YxAu0wTU-4X3XLdnObTw","phoneId":"ccba18b6-17ef-43b0-ae8a-f5cbe5bd21ce","identityId":{"type":"Buffer","data":"hEV1tFtjmphdoBNpwKRJglAn++M="},"registered":true,"backupToken":{"type":"Buffer","data":"J1JJ2H0jAmJof425yiElLYMshz8="},"registration":{},"pairingCode":"SM1R572S","me":{"id":"6285723701289:26@s.whatsapp.net","name":"ASISTEN 2","jid":"6285723701289@s.whatsapp.net","lid":"203139521228960:26@lid"},"account":{"details":"CLOYqycQndbDsQYYASAAKAA=","accountSignatureKey":"dCghPnNaWXesPhceWTzs/JHAj649daNM157zvCvwakI=","accountSignature":"2yNZHMEPNWHMPIBu80iX1lq3uauwai18EojQME/oT7VyAWwCRBaiFRI2BpKv41NckhFPYGiJfp+iOHQN1DnyAQ==","deviceSignature":"vVYW1sCNPZeBxlUxEoej60KuBnB7Rnp0QisuqBvlpvQSXPmFkXIcUKNXZf7+fKdETRBDMQvqP07NskNG+RNMDA=="},"signalIdentities":[{"identifier":{"name":"6285723701289:26@s.whatsapp.net","deviceId":0},"identifierKey":{"type":"Buffer","data":"BXQoIT5zWll3rD4XHlk87PyRwI+uPXWjTNee87wr8GpC"}}],"platform":"smba","lastAccountSyncTimestamp":1714481952,"myAppStateKeyId":"AAAAAKAt"}