[{"senderKeyId":1270629488,"senderChainKey":{"iteration":189,"seed":"aD5raVUVipPnZ0i7IzGE5ESVBPN/2ziXHfQqkFRivsY="},"senderSigningKey":{"public":"Be/tWCCpgjhmSMQsuaHyi5m68V5y/h2ivPK3OmZ+zBwL"},"senderMessageKeys":[{"iteration":101,"seed":"aMJLO5Zp637CyByC2eTy1Z1TBu/KFVrE3egF64cLbCM="},{"iteration":103,"seed":"GBgvwlRWeyayCwhP9ztg2TBfsIwAFkRqQsxEeW9qEBg="},{"iteration":105,"seed":"zWdcg4nUSojZpSa+kRA04cOcpbq24S/bEsqgnix+yAY="},{"iteration":107,"seed":"Yp+BMuk+wMi5q9UjUG2y7g0Qa2LHUV4QxKXfs2YDx3M="},{"iteration":109,"seed":"eRatXvVKD5IKBKnbyNiF2ipmTtdt7FI5WkO6XdIZkgQ="},{"iteration":111,"seed":"NsYg1sD8Ta/V7grqcBTDY51ClYRjv1YV6xQo5E+B/G0="},{"iteration":113,"seed":"lt9zwToqrnYORnYdKGUAgxHZzGR2ueAiJQSLEBT0eu4="},{"iteration":115,"seed":"mCfuoA3WB97HZQlTZfyM4A5d0m9NSEzi4XlNoZ6W0bU="},{"iteration":117,"seed":"KY3Lg0lB9nJmomjaiM+TaEx+CxcSf3o07GDn5abYfLU="},{"iteration":119,"seed":"iWtBIq3bGuAT+pk4LW4DIp2jq4ufBSdDRik7KdJygKc="},{"iteration":121,"seed":"3CGeD90LHMQ7twkunF1fJE7MwaA20KycpuBQZoTxjJY="},{"iteration":123,"seed":"ORRotGLtaHjJhWmsXHQW4/JI+5jf8tWYyEgFGBgvtmU="},{"iteration":125,"seed":"aE6SZ87zT/KkgnoEt2cX/vNjLsjamNTH+KyjD15/GPM="},{"iteration":127,"seed":"/foRXONZZX5de9oZUqX38qMDhozdnHE7VHUnshsjAO4="},{"iteration":129,"seed":"g98kpt81j/x7+w49eLfiK8Z+vpoxEu3CleDuuZcUm8I="},{"iteration":131,"seed":"fIkTES97T9929a/HzbZSYM4JW+uSzr4U5BSPZe0ceB8="},{"iteration":133,"seed":"Fp1lSyAHW0JmZp3i1wgpwrmJs34prSTmqeO5j3zCIQY="},{"iteration":135,"seed":"oq07EyPrzF4rWsMC7SmMIE7NWO3hNo4zlejg+MmN1hI="},{"iteration":137,"seed":"nK9WzLA9IxgvfpL+ThzUi6yCy7te4nOF9l1eLxR2v18="},{"iteration":139,"seed":"h5ko0oLNx3e7c5BbhTOKsD9KcPMmEpDS/4egEpU2lu4="},{"iteration":141,"seed":"3RE1y2H8ZRy4gpwS7xUTEe078dF+HadXz56Cj7Qy6DY="},{"iteration":143,"seed":"bVBxOmVovFGJcQ0jDwBNLk9elx2zbnSeppDPIsEMn2E="},{"iteration":145,"seed":"Byx6uK8NY3Jv4xZRVg8Iuzp1ku7m9FPf9fed87GNYiM="},{"iteration":147,"seed":"+NoUvnKWZkCl8oLZMQpaKCob+V4YV3ZN4COtd0FBd4M="},{"iteration":149,"seed":"lXTy0FfJHkDKnGv5huwPwtchwNirWFkXkhHxy3EUlyA="},{"iteration":151,"seed":"KQAb9J0LXv0l7sEzALUA+OpJsY3DbhnqtmlQ4sPMXCQ="},{"iteration":153,"seed":"nU49YUh7jkhJrCCKGKtIFvaxJjdz2Y+NSuhFATskOKg="},{"iteration":155,"seed":"5GLJXpJtQNelnGJyJGY359w0VProZ97SvkAKbhJtv2Y="},{"iteration":157,"seed":"oYSEUkuK0NEFf1zVn0tMOBb37NOxsfxL8B4UEjyRcVU="},{"iteration":159,"seed":"WK6cuxy7f/enk03FPg7+vO8zMbQpPehBCfTGqAfsRLk="},{"iteration":161,"seed":"zA/vK7Coa95TnMkcqod+xWf92GJA4uFzXpE3o2JrUfY="},{"iteration":163,"seed":"Cd166CHPsALT3gYnmau042+YdaMAHWwEje7UM8mRnvI="},{"iteration":165,"seed":"/tEMoFF6qTglyid0qWXPCqKqQi1bfnJmve4hjHgWsnE="},{"iteration":167,"seed":"h6ZG2pT9ZwOJbhdCxom4ATqIN7Dwehg50tgQWMKIIz0="},{"iteration":169,"seed":"9JcATpRjJitncHHNuwRJvAA7xHsPKqe+uAFwjxNC4Vo="},{"iteration":171,"seed":"u/aUB2kJPNU47cYM4pzZhy/aIJSJoce87RBPo4jxViI="},{"iteration":173,"seed":"1Eum+ubUsC5Sc7V5t717CwXM4JeFfubwB9guHIKXsTY="},{"iteration":175,"seed":"e1C7a26rDtyAYU3nKgXIsuLGXoMiiVF+3evGmdcLHK0="},{"iteration":177,"seed":"acZ1s4mFygtQayX1jbJMD7wLMOKXTR/oq3pOSYW5KrI="},{"iteration":179,"seed":"LsAkE3EtseJjIpkRMe4IreIgXAh2q1SGftvBInQ6XAU="},{"iteration":181,"seed":"nAqZAUPOPC6gVFvJpSoGFknYujCvGKKQztp35r6jHGc="},{"iteration":183,"seed":"wwMIhCVTY+eJRUgL5+dDsebrSRLrr4knBKrpDwWkwlY="},{"iteration":185,"seed":"hW4nX5qY8PFwvdQtd+bR43G8UmlvWmSBLg+zbJfaMz4="},{"iteration":187,"seed":"JwREFQ9TyDwnqm/ETqeBAKZc7Hk8MF4hBHsuwupR/Zw="}]}]