[{"senderKeyId":430673140,"senderChainKey":{"iteration":13,"seed":"BBZx6OJntkkazAVfNgPTbCtiCFdUAeeK44xZNTwlaDA="},"senderSigningKey":{"public":"BSelC6tHdVgJSlhzZNRLLPtVKed7RBmnaxDoFRGLFD0v","private":"mNtzhQMjNKz13cBEDr0UXDuPLqaw/KJp/XxS6exP72k="},"senderMessageKeys":[{"iteration":1,"seed":"fQvSXQv4BtAApgt06q2BY9JPgAIfuDIoH7XM4T0gmq8="},{"iteration":3,"seed":"VTHvQtnQUCaIu2VV1u4v2RKaooRff/KImRKt1JO5uFQ="},{"iteration":5,"seed":"ixS/aTKeNtkufUXJbcSV2UwKnzPKc5SdYqtra8VrcY0="},{"iteration":7,"seed":"58PwPO/brM5XUV9QSPIE3fG2FbcnUarrdGUVrVYGAKU="},{"iteration":9,"seed":"Jyn/phjTMdD+zTIYtB7VtVufadnQm+lOTbIh8I6a2Bs="},{"iteration":11,"seed":"8A3RS2juxGkMK3MUe3VDLJNIGmuNB0axIwbGGThEgsU="}]}]