{"_sessions":{"BRSLRzvKRNCq0NEcWnrEYpjnDN/ZO6VAvc1vjp4Am+J1":{"registrationId":1977992322,"currentRatchet":{"ephemeralKeyPair":{"pubKey":"BUjkFgfLwUrGaXzX2FX55xXboDm+pFeFDy8qbe7r+7gs","privKey":"MLxfoaiVhV/p0yRRCuHegDuzXI21JKetQvInTjUXx2w="},"lastRemoteEphemeralKey":"BUKepWKIqr+LLoruNoSEAQFBDvm+Bg38NtMMU6mafOtb","previousCounter":0,"rootKey":"uPNpa5jW/aWnQ6PK+uAhB5Kd1nmCmGdfxLuienhcSic="},"indexInfo":{"baseKey":"BRSLRzvKRNCq0NEcWnrEYpjnDN/ZO6VAvc1vjp4Am+J1","baseKeyType":1,"closed":-1,"used":1714482102776,"created":1714482102776,"remoteIdentityKey":"BeT5ROHxcPgpQf1p5v+fCrIsbOKplSkn8pQbImksGB8o"},"_chains":{"BUjkFgfLwUrGaXzX2FX55xXboDm+pFeFDy8qbe7r+7gs":{"chainKey":{"counter":0,"key":"kgpmHaDLF2GJQWRZ33aR1Vy30mRRHSDCyMFjm3wuMGU="},"chainType":1,"messageKeys":{}}},"pendingPreKey":{"signedKeyId":12,"baseKey":"BRSLRzvKRNCq0NEcWnrEYpjnDN/ZO6VAvc1vjp4Am+J1","preKeyId":4227029}}},"version":"v1"}