{"_sessions":{"BZ6Ge0pP66My48NP4LNzMzyxC0OwJrvcZ6XlaKaImpkH":{"registrationId":517631041,"currentRatchet":{"ephemeralKeyPair":{"pubKey":"BdY4th6oZ9GvNnG72aLU9b05a0tqGPnl+sqV3npCOBlk","privKey":"gEM1tf3tpHAvk64UlSCGeLe1fVo0yFXDkWG5vzmzm0c="},"lastRemoteEphemeralKey":"BQPuaNdGWXaPsbXAxSHngIjSdcWXVMNGQeA4N7xlmG0J","previousCounter":0,"rootKey":"7hvePOAGZBNHTSH/5SMXVbHacllmeP8jUH5lwDa0pAg="},"indexInfo":{"baseKey":"BZ6Ge0pP66My48NP4LNzMzyxC0OwJrvcZ6XlaKaImpkH","baseKeyType":1,"closed":-1,"used":1714482201305,"created":1714482102733,"remoteIdentityKey":"BU9629awgWzO8dACTtH0TQ1kiq1LTvDxATJSKXuEGt4N"},"_chains":{"BQPuaNdGWXaPsbXAxSHngIjSdcWXVMNGQeA4N7xlmG0J":{"chainKey":{"counter":0,"key":"+fpf+mMobgNHeHZPJvB/Z9p+/1f76qDO0YHzpDtyCh4="},"chainType":2,"messageKeys":{}},"BdY4th6oZ9GvNnG72aLU9b05a0tqGPnl+sqV3npCOBlk":{"chainKey":{"counter":-1,"key":"X7v2UhQitbkhPS1KoDe8u9/uaQCHGs1H/EWnmfkuVMw="},"chainType":1,"messageKeys":{}}}}},"version":"v1"}