{"_sessions":{"BYAkBbDPltIqZJQkKKcMIUWNTUYUB9r420Qc+95a48k0":{"registrationId":1930163996,"currentRatchet":{"ephemeralKeyPair":{"pubKey":"BbONEN1EOKgPYGf2Ucmp5F28nSIm00WLLfcREDlGrC0C","privKey":"OBWHDeyTgrglNMlJDJ9SWtNjl7dadkC1vDpx3b2WKFc="},"lastRemoteEphemeralKey":"BQ13ReKmU+5GFtR5LgYMMFI7JmsX1lNNe8+PegX0dXgt","previousCounter":0,"rootKey":"K+HhYCqljg9njTJDVi2btu9GtqFu97TJUYDb9kIKgvA="},"indexInfo":{"baseKey":"BYAkBbDPltIqZJQkKKcMIUWNTUYUB9r420Qc+95a48k0","baseKeyType":1,"closed":-1,"used":1714482102790,"created":1714482102790,"remoteIdentityKey":"BcQ/AOq7Au8G4gsBkAgKXpzJRhCPBRMH3X0RX1/G35c7"},"_chains":{"BbONEN1EOKgPYGf2Ucmp5F28nSIm00WLLfcREDlGrC0C":{"chainKey":{"counter":0,"key":"KwrqgeUE5eXIjGNAf8usOxlK4jHhuVw2pJDxA+CjKwI="},"chainType":1,"messageKeys":{}}},"pendingPreKey":{"signedKeyId":4,"baseKey":"BYAkBbDPltIqZJQkKKcMIUWNTUYUB9r420Qc+95a48k0","preKeyId":1750791}}},"version":"v1"}