{"_sessions":{"Bef2y7sXC5JiaOoradKhoS7gbL0F3N2LuZT671+L++xO":{"registrationId":1670193156,"currentRatchet":{"ephemeralKeyPair":{"pubKey":"BcPKHzgG56W4gt94VxEuE39IHQJue/XPaPVyGDtWMNBH","privKey":"6BGw3ViSvcyQoJPSKweUQdTow5e/COaKP5COGjDO5Go="},"lastRemoteEphemeralKey":"BSHpaKWVDOB3VDmebfTV2uT/UHy3kf+LUrt4hnfY+1YK","previousCounter":0,"rootKey":"DUsuSqq2qQyWLVz6crpAgojxpN5uHUXNWcpN3fffXKc="},"indexInfo":{"baseKey":"Bef2y7sXC5JiaOoradKhoS7gbL0F3N2LuZT671+L++xO","baseKeyType":1,"closed":-1,"used":1714482102740,"created":1714482102740,"remoteIdentityKey":"BRI8BEHyzG8Btf4XSoHXKqhk0GGXzeUGpMqrikFoq9or"},"_chains":{"BcPKHzgG56W4gt94VxEuE39IHQJue/XPaPVyGDtWMNBH":{"chainKey":{"counter":0,"key":"aeiLT+cJVir2/+At1kysJHZpfBxy8qfHS0BTtpfg2iM="},"chainType":1,"messageKeys":{}}},"pendingPreKey":{"signedKeyId":2,"baseKey":"Bef2y7sXC5JiaOoradKhoS7gbL0F3N2LuZT671+L++xO","preKeyId":15300866}}},"version":"v1"}