{"_sessions":{"BVh7GH8Y5leqvpcC9Q3Wvrr5WvrxcbQza71X3Xj49D1I":{"registrationId":1569563731,"currentRatchet":{"ephemeralKeyPair":{"pubKey":"BWu07yxnYe60OUSY4xKjff/GjgXSI7gTkCu7v4HxeLAl","privKey":"2OTKWqYbKuFYFlsLXoQgGXG30E+tBi63ObJrI3TCPW0="},"lastRemoteEphemeralKey":"BQZDvRH+GHK9gMdz4JueMa5pG9QUYB+u9IHqRkXFBPVI","previousCounter":0,"rootKey":"79XJT7PM5QJzYuY4OifzFNYWp2W5qisiFLDuE3DKh6U="},"indexInfo":{"baseKey":"BVh7GH8Y5leqvpcC9Q3Wvrr5WvrxcbQza71X3Xj49D1I","baseKeyType":2,"closed":-1,"used":1714481953965,"created":1714481953965,"remoteIdentityKey":"BXQoIT5zWll3rD4XHlk87PyRwI+uPXWjTNee87wr8GpC"},"_chains":{"BQZDvRH+GHK9gMdz4JueMa5pG9QUYB+u9IHqRkXFBPVI":{"chainKey":{"counter":5,"key":"H5d2ZZRyqmDYDSBMEDwex5hmW9fkuWxpxY6WJ1tM77c="},"chainType":2,"messageKeys":{}},"BWu07yxnYe60OUSY4xKjff/GjgXSI7gTkCu7v4HxeLAl":{"chainKey":{"counter":6,"key":"4RnkMGOWgcSp0RtMVVFr7om99/ieyzfloR9JBT9Cd6w="},"chainType":1,"messageKeys":{}}}}},"version":"v1"}