{"_sessions":{"Bc+A0Ufqpg+EI3NCld+3WFyr65c+2e+hRM5OfV0qvxl3":{"registrationId":435084990,"currentRatchet":{"ephemeralKeyPair":{"pubKey":"BfEu8kZYiIerQJRqyuaPEJnb/+0EUD2c6Lj4O+G1RTAq","privKey":"SFHIJYM0pm8EZKq4TcTPMa9uXcsO5v+3/y/8RJ2ZO2M="},"lastRemoteEphemeralKey":"BQL1Erzm8XroT2HpuTFDcY18fWyTHzNFK9VmYiHmuXlJ","previousCounter":0,"rootKey":"pBmtjha/ezN2S26ZbtrG0b49OexdoUWVqy4zxRyKNPw="},"indexInfo":{"baseKey":"Bc+A0Ufqpg+EI3NCld+3WFyr65c+2e+hRM5OfV0qvxl3","baseKeyType":1,"closed":-1,"used":1714482102687,"created":1714482102687,"remoteIdentityKey":"BQfVwvshcLpreTJ6lejVOneM2e2AjMe+owP57MJIb9s9"},"_chains":{"BfEu8kZYiIerQJRqyuaPEJnb/+0EUD2c6Lj4O+G1RTAq":{"chainKey":{"counter":0,"key":"FfFi9Fjyk8FuTXjOFkxOq7eDG9Ey3XWZP9J5AlL2CIs="},"chainType":1,"messageKeys":{}}},"pendingPreKey":{"signedKeyId":0,"baseKey":"Bc+A0Ufqpg+EI3NCld+3WFyr65c+2e+hRM5OfV0qvxl3"}}},"version":"v1"}