{"_sessions":{"Bfe9XPY7C83gbEa63i/YkcFRDQDc894sM601Gh/TFzNK":{"registrationId":1115281488,"currentRatchet":{"ephemeralKeyPair":{"pubKey":"BcR3atAcate97THy31o+jGeUit1wWbkVOUl1hJuq2R98","privKey":"cBKb7OqYmFhicJvyDnKmo0sHDo4VJVCTlLhLh1yuFHU="},"lastRemoteEphemeralKey":"BUDZK6UAblfVt+MCkPbOMxgTaJg2kA1q57pbzoxKyc4e","previousCounter":0,"rootKey":"rraqJ0GecNqyBtFwTMdaPDHxCybYxTFeMxbsp2N//l0="},"indexInfo":{"baseKey":"Bfe9XPY7C83gbEa63i/YkcFRDQDc894sM601Gh/TFzNK","baseKeyType":1,"closed":-1,"used":1714482102678,"created":1714482102678,"remoteIdentityKey":"BSTvbFoSXibNP/M7ze8FeG9L1d1GrIWUUQriwwdrscYr"},"_chains":{"BcR3atAcate97THy31o+jGeUit1wWbkVOUl1hJuq2R98":{"chainKey":{"counter":0,"key":"NTpPoI18+IyolWM8dxyz9IUCxRb+Wa36YN1wyBfeQtw="},"chainType":1,"messageKeys":{}}},"pendingPreKey":{"signedKeyId":8,"baseKey":"Bfe9XPY7C83gbEa63i/YkcFRDQDc894sM601Gh/TFzNK"}}},"version":"v1"}