{"_sessions":{"BaEdHgsutk1wmydXGJm9M4x60UT9wezLfEzI4mTIkjEp":{"registrationId":15769582,"currentRatchet":{"ephemeralKeyPair":{"pubKey":"BeGo5xNOSlykMCfTtt1gR4rj4NDcWL147+JBv+/5Htkh","privKey":"gISCYND0iBtipBHA5f84TCNZ3FFDHiQIqzCgwPGr3kA="},"lastRemoteEphemeralKey":"BYuyf9ur18JSOURrkSO17aVH7JDUVnptimdirAy2S+NO","previousCounter":0,"rootKey":"bu7nm49e2Q2/kZFC8f6IgvZqkW27lmwt/VhHXzzx19Q="},"indexInfo":{"baseKey":"BaEdHgsutk1wmydXGJm9M4x60UT9wezLfEzI4mTIkjEp","baseKeyType":1,"closed":-1,"used":1714482102660,"created":1714482102660,"remoteIdentityKey":"BYvA112ViknVhQhfH9Wh985agdyQYW6orZ7Ra8ErF1lQ"},"_chains":{"BeGo5xNOSlykMCfTtt1gR4rj4NDcWL147+JBv+/5Htkh":{"chainKey":{"counter":0,"key":"pfOLumgEdVMhsZ776vZuf+f++LSh6BBs9Wo6U6kRhkM="},"chainType":1,"messageKeys":{}}},"pendingPreKey":{"signedKeyId":1,"baseKey":"BaEdHgsutk1wmydXGJm9M4x60UT9wezLfEzI4mTIkjEp"}}},"version":"v1"}