{"_sessions":{"BXVCmJjUwCrSm2pf2sS0IgzjBDt82dXCshFW8RTiBUFf":{"registrationId":1608370735,"currentRatchet":{"ephemeralKeyPair":{"pubKey":"BS++eloIL+Gt+7Mp+gwz65pTFXsHSG8VvKb410lJxPoL","privKey":"KJJ2KXs0BixEzsodtFHe5KYY5ZlYZNl4HMX/0oAJiX4="},"lastRemoteEphemeralKey":"BU0AqVGYokcv1fY471EIq9DOzBx/4N/cKbIa8ImtKPdv","previousCounter":0,"rootKey":"9HdbxGCJWBA5KSx20LC0Szg3n/Zl4L0wpfO/cIb248Q="},"indexInfo":{"baseKey":"BXVCmJjUwCrSm2pf2sS0IgzjBDt82dXCshFW8RTiBUFf","baseKeyType":1,"closed":-1,"used":1714482102738,"created":1714482102738,"remoteIdentityKey":"BfkKZkpEoG4jInoBKu1yVMOFURIBD7wzWk2SgKgTOhNQ"},"_chains":{"BS++eloIL+Gt+7Mp+gwz65pTFXsHSG8VvKb410lJxPoL":{"chainKey":{"counter":0,"key":"sEXNBaWzq+qE80ZFhj7YwEbXUHLt8P0qeyawHHsOFvM="},"chainType":1,"messageKeys":{}}},"pendingPreKey":{"signedKeyId":6,"baseKey":"BXVCmJjUwCrSm2pf2sS0IgzjBDt82dXCshFW8RTiBUFf","preKeyId":1301480}}},"version":"v1"}