{"_sessions":{"Ba7850AYSYWRwf8AoF0Coi9ck4JO5fYAQ+DyKYvEtyUG":{"registrationId":1295980065,"currentRatchet":{"ephemeralKeyPair":{"pubKey":"BYT9DR7ryafkrGqYqyuY/7RWiCtjHmFZrRVUxsm7SvNx","privKey":"uDIKCU+gUbRGO7hRm+Tdoy+gr97iK+mXJegqULcNmEY="},"lastRemoteEphemeralKey":"BROHhCDJqHIvkVEXNJNW+FH+Pr4cEkVPi5yYS5oFrxJx","previousCounter":0,"rootKey":"mmEaTSoFrX+pkz0KXyfsBoHWYJZmKnz+AnYgFdtSvEI="},"indexInfo":{"baseKey":"Ba7850AYSYWRwf8AoF0Coi9ck4JO5fYAQ+DyKYvEtyUG","baseKeyType":1,"closed":-1,"used":1714482102723,"created":1714482102723,"remoteIdentityKey":"BTQnyt0lNfMJHXZFELzJyZ476XdHRJLc1r3AZ8a9sfsb"},"_chains":{"BYT9DR7ryafkrGqYqyuY/7RWiCtjHmFZrRVUxsm7SvNx":{"chainKey":{"counter":0,"key":"P4DcME/jV+VS5pHO9ap5L82s1KX/Yb+nV/d9kdoyAUg="},"chainType":1,"messageKeys":{}}},"pendingPreKey":{"signedKeyId":24,"baseKey":"Ba7850AYSYWRwf8AoF0Coi9ck4JO5fYAQ+DyKYvEtyUG"}}},"version":"v1"}