{"_sessions":{"BQ1eQgB20RBmjEkxSUfxnSqcvKQpiETL/PnaN2AtMYt4":{"registrationId":174693790,"currentRatchet":{"ephemeralKeyPair":{"pubKey":"BZOjy4LnYjLb7H6ZNp1alT+Kdt+kUnYd4GX5ngm3piQj","privKey":"QOcAc1L47ZPemGoPIAZl1srTrSmGHX8h7UdU51zEWV8="},"lastRemoteEphemeralKey":"BXxZ2GcAqKgCHlIInARURChi4rsJC95Ocg5ziDYDm8Me","previousCounter":0,"rootKey":"D1uqO69wjM31ULqPMJ6uo4qG0dMP3MDSraZQhH7E5DI="},"indexInfo":{"baseKey":"BQ1eQgB20RBmjEkxSUfxnSqcvKQpiETL/PnaN2AtMYt4","baseKeyType":2,"closed":-1,"used":1714482367598,"created":1714481996424,"remoteIdentityKey":"Bfc9dqQFDAHZoHcv0p1eSE27QreNqU5+4FOXN/VaSf9B"},"_chains":{"BZV+RimUstY89V6lUbEc3v5YzSVzgRwx10JXm3fJk9Fu":{"chainKey":{"counter":0},"chainType":2,"messageKeys":{}},"BaApG7NLrgTc+aWx8W+VbRfx9KM2YNGEklnjhrzxtmZ+":{"chainKey":{"counter":0},"chainType":2,"messageKeys":{}},"BWO/dYJrAAEP25mysXeGZL2ZR0BSAhjiAV8PmKtAg3sI":{"chainKey":{"counter":0},"chainType":2,"messageKeys":{}},"BaESSquP2USKraFCJhHy2CwL+XF66m2qD9PcaCX4GhFo":{"chainKey":{"counter":0},"chainType":2,"messageKeys":{}},"Bd5uDkHNSHrH5KCyIQZ4eNPNflhpMbbd9pyC9MhfbGxH":{"chainKey":{"counter":0},"chainType":2,"messageKeys":{}},"BTr4FkrsmTPsJFOT5MaP0LXZa2nUVMD0fveLkQCPS48j":{"chainKey":{"counter":0},"chainType":2,"messageKeys":{}},"BTZqXZEq75MVBEkC1LZd0cPLbL1dWI3T8PCoNbCF/BxL":{"chainKey":{"counter":0},"chainType":2,"messageKeys":{}},"BXxZ2GcAqKgCHlIInARURChi4rsJC95Ocg5ziDYDm8Me":{"chainKey":{"counter":1,"key":"hx6PrxY952qycuJQPazZy9uzZzzWd09PZj6O4L2TVi4="},"chainType":2,"messageKeys":{}},"BZOjy4LnYjLb7H6ZNp1alT+Kdt+kUnYd4GX5ngm3piQj":{"chainKey":{"counter":-1,"key":"NAHy599bhcdwdVP5MVb2siIgVvr9b6QyEO/9p14/pls="},"chainType":1,"messageKeys":{}}}}},"version":"v1"}