{"_sessions":{"BVqyhpZy9aK+D8019aHC8MaxyNqdKdIxvhWRbdo3wo0L":{"registrationId":474139239,"currentRatchet":{"ephemeralKeyPair":{"pubKey":"BbbTeAV5bfUskxRfpROk/h7sh+riROT6868+e6ijtb0w","privKey":"GK3jfvDJ1ktwHviLywvfGwtTM8bl+9ZAh8CQEhpOZFo="},"lastRemoteEphemeralKey":"BZSC0DB0Xi6tU5yvrb374S9HwT19p2JbSUjZc0810E4o","previousCounter":0,"rootKey":"JiQ/L1juRypzb33El3f83wFX28uS32tP1VMbqT91o6E="},"indexInfo":{"baseKey":"BVqyhpZy9aK+D8019aHC8MaxyNqdKdIxvhWRbdo3wo0L","baseKeyType":1,"closed":-1,"used":1714482102767,"created":1714482102767,"remoteIdentityKey":"BUdJojow0xJIblTRC7tBxI3k5UxBDS7IqosMtLucX1cG"},"_chains":{"BbbTeAV5bfUskxRfpROk/h7sh+riROT6868+e6ijtb0w":{"chainKey":{"counter":0,"key":"YAZkZl80WKUC3v6gWcZig/F/qjsG2OhZXmqoOZraLxk="},"chainType":1,"messageKeys":{}}},"pendingPreKey":{"signedKeyId":0,"baseKey":"BVqyhpZy9aK+D8019aHC8MaxyNqdKdIxvhWRbdo3wo0L","preKeyId":13471540}}},"version":"v1"}