{"_sessions":{"BaJcx4Gk5MnY6q8lojFBEyGf/xbLjtkVVXwkJWdxq4BS":{"registrationId":354580909,"currentRatchet":{"ephemeralKeyPair":{"pubKey":"BXk8l3ruWTkxt69ppe3JY+3xGqm2U+Q4nJmpRau8Sz0s","privKey":"mMqlXpdClb4aQFWhnl8b+KTQlw1ats8Q2zUVRAwUzm4="},"lastRemoteEphemeralKey":"BSIqYD/5qw3nGb0Qu2EACc+PNgncJdrY68mjkAARQjkq","previousCounter":0,"rootKey":"AYua7fB1gTS5zmQu5nHwPevd9+PK9wMmmvrkwojcE/0="},"indexInfo":{"baseKey":"BaJcx4Gk5MnY6q8lojFBEyGf/xbLjtkVVXwkJWdxq4BS","baseKeyType":1,"closed":-1,"used":1714482102658,"created":1714482102658,"remoteIdentityKey":"BWI3mFOdKuEhdAmQUonEky6nIns+heRAIEjAwVmj9Cg0"},"_chains":{"BXk8l3ruWTkxt69ppe3JY+3xGqm2U+Q4nJmpRau8Sz0s":{"chainKey":{"counter":0,"key":"2+MXApe6E1C2qYuqdvsr+IIjMKkzj3PTWk9w0OD1TuQ="},"chainType":1,"messageKeys":{}}},"pendingPreKey":{"signedKeyId":1,"baseKey":"BaJcx4Gk5MnY6q8lojFBEyGf/xbLjtkVVXwkJWdxq4BS","preKeyId":59}}},"version":"v1"}