{"_sessions":{"BVQUXBtNkC46Xb/aeBpjcNEh5i9iG92TdjMnQHN6fb8f":{"registrationId":1398635317,"currentRatchet":{"ephemeralKeyPair":{"pubKey":"BeLeS2XXnaV/76giqhEJ9QWZRwTqpapdWy1s+Z0RT6Z4","privKey":"KIPRCYrOrBc66JwlIkAx3w5cdaqUp+9IsVf0+F9mm2k="},"lastRemoteEphemeralKey":"BcwN7z5NxGGw3B841+o6rwuZhcv3MlYW6jAxOOAbYZVq","previousCounter":0,"rootKey":"fS+MKky8t2CsWY3aOPKQStO0Adp0S8js9FaAA6Bz8JA="},"indexInfo":{"baseKey":"BVQUXBtNkC46Xb/aeBpjcNEh5i9iG92TdjMnQHN6fb8f","baseKeyType":1,"closed":-1,"used":1714482102783,"created":1714482102783,"remoteIdentityKey":"BUjuFibA5/2RTM6DgzT3MHXpBz1P05IvPNEXVkh9ij8Y"},"_chains":{"BeLeS2XXnaV/76giqhEJ9QWZRwTqpapdWy1s+Z0RT6Z4":{"chainKey":{"counter":0,"key":"pTAYjvqop/CqHyQEaImo84gvg67JfqrYnofwHbpH+zw="},"chainType":1,"messageKeys":{}}},"pendingPreKey":{"signedKeyId":0,"baseKey":"BVQUXBtNkC46Xb/aeBpjcNEh5i9iG92TdjMnQHN6fb8f","preKeyId":10662613}}},"version":"v1"}