{"_sessions":{"BY/AfUC44EiMw+82K+edl4t/Dyza/6Joz825Xaeuk+4s":{"registrationId":329543416,"currentRatchet":{"ephemeralKeyPair":{"pubKey":"BVeFSuwP4rJMVXA7KaDldEdIdrdZ7YOdNGfITLi21hkq","privKey":"YGBBZRDJdGYGB0L1NSVPPppre77MorndDfdjaE7ev0w="},"lastRemoteEphemeralKey":"BUac1GZOnc9TT+Kd2NiqjzHnE1sPaZhctfyw7PAifWtd","previousCounter":0,"rootKey":"4bjBZwfnPnAHqCBMyRHWKEWucRoZrZdXOTh62Tl9wdM="},"indexInfo":{"baseKey":"BY/AfUC44EiMw+82K+edl4t/Dyza/6Joz825Xaeuk+4s","baseKeyType":1,"closed":-1,"used":1714482102769,"created":1714482102769,"remoteIdentityKey":"BUOheJdTp8SR9GwKka20KLs3qOk4JcTBvXjBhfQ1t+1W"},"_chains":{"BVeFSuwP4rJMVXA7KaDldEdIdrdZ7YOdNGfITLi21hkq":{"chainKey":{"counter":0,"key":"ft5TiIgmbYpNMhAP9medF4KuOOGlkoq7gaTxDWuBo7g="},"chainType":1,"messageKeys":{}}},"pendingPreKey":{"signedKeyId":1,"baseKey":"BY/AfUC44EiMw+82K+edl4t/Dyza/6Joz825Xaeuk+4s"}}},"version":"v1"}