{"_sessions":{"BVcaa8ZfvNAWjsN1qJAsrp17+LIdMZPLbDiUPnLNbxtq":{"registrationId":1507922409,"currentRatchet":{"ephemeralKeyPair":{"pubKey":"BV4m43jrXQLIgjqCA2vEC7OEToMNJeE7yBFUHCQ1sp91","privKey":"2P6E23ShuuBFDxfBJx6ch7E8ReEoj5K1G0UzEx/wyEI="},"lastRemoteEphemeralKey":"BUvaOGmS90QX8SPrYCQdpga4n2nV/NcxOTypXpSmFzEK","previousCounter":0,"rootKey":"mdHmm4/XrE40hq5MiN82k9ztzfHIsTI/5d+fwnTO1QA="},"indexInfo":{"baseKey":"BVcaa8ZfvNAWjsN1qJAsrp17+LIdMZPLbDiUPnLNbxtq","baseKeyType":1,"closed":-1,"used":1714482102672,"created":1714482102672,"remoteIdentityKey":"BWpd7Cayoq0Ozjr48N36AhjRXXcy5oZKOdpBJK697RwX"},"_chains":{"BV4m43jrXQLIgjqCA2vEC7OEToMNJeE7yBFUHCQ1sp91":{"chainKey":{"counter":0,"key":"DPq3QORJID90e7eCpczCKqU4Rh7EmBTDO4IsfNQLtqs="},"chainType":1,"messageKeys":{}}},"pendingPreKey":{"signedKeyId":4,"baseKey":"BVcaa8ZfvNAWjsN1qJAsrp17+LIdMZPLbDiUPnLNbxtq","preKeyId":5137934}}},"version":"v1"}