{"_sessions":{"BeZNY5h1tvNzKR3HlqnBugqFr3ol3NIa/GTydpcSGip1":{"registrationId":1683312128,"currentRatchet":{"ephemeralKeyPair":{"pubKey":"BSki7XQw/PBV27MxYFW0A69SgYBaqePtPjsmms5/ejpY","privKey":"yBY8E1RaxGKOYAC4nqkXg/+mUbwVdN0Xlg1x2igO0Eo="},"lastRemoteEphemeralKey":"BUf6Xt2omcFRsVNPwKJsLC1kXClPuyClzrr7OTzheKtd","previousCounter":0,"rootKey":"4VK6tb81xPu9LWM3IHMnSLlSQNFcZ+ocSvkurXmwAMU="},"indexInfo":{"baseKey":"BeZNY5h1tvNzKR3HlqnBugqFr3ol3NIa/GTydpcSGip1","baseKeyType":1,"closed":-1,"used":1714482102721,"created":1714482102721,"remoteIdentityKey":"BaksXcHvWuWTJAJGUYfxsiecHxyygu4h4BQcOpLECdk6"},"_chains":{"BSki7XQw/PBV27MxYFW0A69SgYBaqePtPjsmms5/ejpY":{"chainKey":{"counter":0,"key":"QjT3FCgsUcPpFXhe6+HtfUqTaNWXi9qr+IcTrsyEVik="},"chainType":1,"messageKeys":{}}},"pendingPreKey":{"signedKeyId":30,"baseKey":"BeZNY5h1tvNzKR3HlqnBugqFr3ol3NIa/GTydpcSGip1","preKeyId":4130007}}},"version":"v1"}