{"_sessions":{"BVoOEC5MkW1tjLeZ6jqdymB4qZUDjdhVW5xufZxxMDFU":{"registrationId":2047753141,"currentRatchet":{"ephemeralKeyPair":{"pubKey":"BcQLEkECcthPctRVSJY5SXqNnEn5pf/Uye/DtR4YQr5c","privKey":"YCTjLMdXFNlPpaGDE/aQLIjEVUVk8M++UwE9M40j+1A="},"lastRemoteEphemeralKey":"Bck2B9O/gOPjicsd7pDdDDmfVY0It0B07l5iwqwl44tE","previousCounter":0,"rootKey":"kOM8y6CtSX0qqsXB+/6nQDpcW+j3R07M620xPudGrNw="},"indexInfo":{"baseKey":"BVoOEC5MkW1tjLeZ6jqdymB4qZUDjdhVW5xufZxxMDFU","baseKeyType":1,"closed":-1,"used":1714482102727,"created":1714482102727,"remoteIdentityKey":"BbByqmhlHjauyHdCxrQOgmrZ2hmuIdMB/w9UC4FT19gP"},"_chains":{"BcQLEkECcthPctRVSJY5SXqNnEn5pf/Uye/DtR4YQr5c":{"chainKey":{"counter":0,"key":"aK8dIMBx/gzKCiln1O5G6E/9alfVCU+V89GLB2kWcKU="},"chainType":1,"messageKeys":{}}},"pendingPreKey":{"signedKeyId":2,"baseKey":"BVoOEC5MkW1tjLeZ6jqdymB4qZUDjdhVW5xufZxxMDFU"}}},"version":"v1"}