{"_sessions":{"BcIfNuYrcI4KS7Y2vxXebCZHhYmmGBZ3M51dg6fWvDV9":{"registrationId":137228676,"currentRatchet":{"ephemeralKeyPair":{"pubKey":"Be+0GinLpjKPy9yp0Dhg/b+wZGydKrKnFY/On44Sc70U","privKey":"wEixGr6pq+gbzWjR5JPpYGb4X3HvIjTbbiSwYZwbkFo="},"lastRemoteEphemeralKey":"BcMTQTuJxQGO0U8N1uV5I4SJWtrrWjvTe1Tqp+snyKgs","previousCounter":0,"rootKey":"6waFmlwdRsWhQGuGB6p2IIG2zPYPIYMZ7XXtZwqNcHk="},"indexInfo":{"baseKey":"BcIfNuYrcI4KS7Y2vxXebCZHhYmmGBZ3M51dg6fWvDV9","baseKeyType":1,"closed":-1,"used":1714482102788,"created":1714482102788,"remoteIdentityKey":"BajWTqg2SadlALFcN3yAttXFu7hZouixgHk4SxeM9kww"},"_chains":{"Be+0GinLpjKPy9yp0Dhg/b+wZGydKrKnFY/On44Sc70U":{"chainKey":{"counter":0,"key":"p3DTPITQ9CwAF6LpFEHklKThsSpcT7H4OMZhCPcWdJo="},"chainType":1,"messageKeys":{}}},"pendingPreKey":{"signedKeyId":0,"baseKey":"BcIfNuYrcI4KS7Y2vxXebCZHhYmmGBZ3M51dg6fWvDV9","preKeyId":14571991}}},"version":"v1"}