{"_sessions":{"BRp5PvB5GHbkMBnVcWx5yR7LaymxXU1K1SqgWw//Wkxt":{"registrationId":188308411,"currentRatchet":{"ephemeralKeyPair":{"pubKey":"BWBcmrVdB9Ol7m/qDQUsN+S84xuBcgDD8EUFqDqTAE5U","privKey":"MA/SHqnv/3Y1S9Cy+nKv+arYkr6g3bern3ecWmPJhFE="},"lastRemoteEphemeralKey":"BX8u7Ier2RDMz1AY3VnFFqN9EJNUt7x3e0m3a66OsOIs","previousCounter":0,"rootKey":"ZUdFqrLhEpisnOkyMxTLQB+5CcJdW1Ih0+Gy1Z3wa6c="},"indexInfo":{"baseKey":"BRp5PvB5GHbkMBnVcWx5yR7LaymxXU1K1SqgWw//Wkxt","baseKeyType":1,"closed":-1,"used":1714482102747,"created":1714482102747,"remoteIdentityKey":"BeLDfwaIGXn6YO6pHY1jX4vFX89fi7wVCSTURCYoEJdr"},"_chains":{"BWBcmrVdB9Ol7m/qDQUsN+S84xuBcgDD8EUFqDqTAE5U":{"chainKey":{"counter":0,"key":"C4Fmmzj1aUOxR05T7tAObJVsTImSWLQAPT0gfB9vEJ4="},"chainType":1,"messageKeys":{}}},"pendingPreKey":{"signedKeyId":2,"baseKey":"BRp5PvB5GHbkMBnVcWx5yR7LaymxXU1K1SqgWw//Wkxt","preKeyId":15898608}}},"version":"v1"}