{"_sessions":{"Ba/0vC3MsQhgVniKneruKwtER6azf6EOM7qAqIfO/t4H":{"registrationId":220724072,"currentRatchet":{"ephemeralKeyPair":{"pubKey":"BXMSrrL8kZg04Cvzd/q7lMTnnIi7E3CE1aV1M5aX3ldX","privKey":"oMkc2ZklNfVQ2SbEQCwxg0WTC79Ug8XSUwEOLQs5BFQ="},"lastRemoteEphemeralKey":"BXzEznFcFrcU2XvHBilln4KWy5MynXo7sgssJzOondwE","previousCounter":0,"rootKey":"5eXqMudspPZBhPLZHL/gpgEswjPaw/wXSn/2iZRs7u0="},"indexInfo":{"baseKey":"Ba/0vC3MsQhgVniKneruKwtER6azf6EOM7qAqIfO/t4H","baseKeyType":1,"closed":-1,"used":1714482102756,"created":1714482102756,"remoteIdentityKey":"BVqSMS0n0n2q2kD8//V4sI6KWo0jcLYf1urQYgwNKdl3"},"_chains":{"BXMSrrL8kZg04Cvzd/q7lMTnnIi7E3CE1aV1M5aX3ldX":{"chainKey":{"counter":0,"key":"zdrCYrwNP7EnTOIZkXzGdbCzRcqn9renieVDYocn7oA="},"chainType":1,"messageKeys":{}}},"pendingPreKey":{"signedKeyId":0,"baseKey":"Ba/0vC3MsQhgVniKneruKwtER6azf6EOM7qAqIfO/t4H","preKeyId":13190948}}},"version":"v1"}