{"_sessions":{"BVyDgkaCpuOifpNzfShNY4RbhE320nybkjTf749ATtRg":{"registrationId":782592644,"currentRatchet":{"ephemeralKeyPair":{"pubKey":"BUoQiQY/qyT+3kzcbcr7yP+P4pVh3QJkx3TiRPYVFlM4","privKey":"8JFeFcYGqpqIBJzGR/ddq+fftuRG3qnkJnyH4ct4nkc="},"lastRemoteEphemeralKey":"BQ9IKyFYvEb+qOTpRPo8Cm6ZpdAGuugfVvHrnVplvaNx","previousCounter":0,"rootKey":"rzNqevSPx1KI6ynhgNtayjwbPvUoQ2+79dsRRNwHgLY="},"indexInfo":{"baseKey":"BVyDgkaCpuOifpNzfShNY4RbhE320nybkjTf749ATtRg","baseKeyType":1,"closed":-1,"used":1714482102669,"created":1714482102669,"remoteIdentityKey":"BdDPR23ncZSIbNaqCsvaBoVh7Y6On3PfALwcQXPwWmYX"},"_chains":{"BUoQiQY/qyT+3kzcbcr7yP+P4pVh3QJkx3TiRPYVFlM4":{"chainKey":{"counter":0,"key":"ZiVur7Q7PekhS/FPHUwJTifzjRoAR8CuuRks2Vd5jGE="},"chainType":1,"messageKeys":{}}},"pendingPreKey":{"signedKeyId":0,"baseKey":"BVyDgkaCpuOifpNzfShNY4RbhE320nybkjTf749ATtRg","preKeyId":10086019}}},"version":"v1"}