{"_sessions":{"BX+g08Oo2mT3N1JFhwQQG/5ZYd+vXYenfrd6UozS1r56":{"registrationId":416538357,"currentRatchet":{"ephemeralKeyPair":{"pubKey":"BRWUXPTwxgDKnZEpWN8QgSeAUNa4Y7rI0DNDDaEf9a81","privKey":"sFjjh1HCeKe8obC4HmLLoDSX9YfipGowHLeJ11KEpmU="},"lastRemoteEphemeralKey":"BQHCOSc3S6F/v+RfTGGf3gRaKuEUryRj45v2T0V0Wioi","previousCounter":0,"rootKey":"Tz3M5tv6yDiOMvfBxViRdDawpik8wiSxIrT/VnRpdZk="},"indexInfo":{"baseKey":"BX+g08Oo2mT3N1JFhwQQG/5ZYd+vXYenfrd6UozS1r56","baseKeyType":1,"closed":-1,"used":1714482102760,"created":1714482102760,"remoteIdentityKey":"BYqNF17kSMZbPm8QcAs2sZ+cuvB7CQc0qSMS6oRmX5sd"},"_chains":{"BRWUXPTwxgDKnZEpWN8QgSeAUNa4Y7rI0DNDDaEf9a81":{"chainKey":{"counter":0,"key":"C9fh63LblHWKksmer+10HqoVxYRwM5eEUAyBTEmPZI4="},"chainType":1,"messageKeys":{}}},"pendingPreKey":{"signedKeyId":3,"baseKey":"BX+g08Oo2mT3N1JFhwQQG/5ZYd+vXYenfrd6UozS1r56","preKeyId":5417921}}},"version":"v1"}