{"_sessions":{"BaTAvwp1bGw4Y8dDcpfikuwBL0Z/2HNH54MQrYz4nhF3":{"registrationId":1999559525,"currentRatchet":{"ephemeralKeyPair":{"pubKey":"BZ/zrV7AlVUxK2B/b3b9jZ+L91UvINjLrt0FyJiECwwa","privKey":"MEtULQQSrnWeY3XSRvxw6j71mma99crO9B3lzdsMnlw="},"lastRemoteEphemeralKey":"BdlPLh7gwMPY7lvDUGBTACs7ZYEY2om1cvELxCejtPFe","previousCounter":0,"rootKey":"in+jQsUmfOkM3tpFf4/0fckEoX3bwgZyYLxvsrMWFL4="},"indexInfo":{"baseKey":"BaTAvwp1bGw4Y8dDcpfikuwBL0Z/2HNH54MQrYz4nhF3","baseKeyType":1,"closed":-1,"used":1714482102781,"created":1714482102781,"remoteIdentityKey":"BTSSfCnhpkBsObxAueyJY2EZZs3hCxvobk36kUesXdUp"},"_chains":{"BZ/zrV7AlVUxK2B/b3b9jZ+L91UvINjLrt0FyJiECwwa":{"chainKey":{"counter":0,"key":"SyrSkk71k8yk+ysaM6eDJxYBeo9dZ5EoGap1eNTC6C0="},"chainType":1,"messageKeys":{}}},"pendingPreKey":{"signedKeyId":12,"baseKey":"BaTAvwp1bGw4Y8dDcpfikuwBL0Z/2HNH54MQrYz4nhF3","preKeyId":6246159}}},"version":"v1"}