{"_sessions":{"Be9vFONBAJdjQaLdd+aIazD5XVafMetDdLy9mDsZngMc":{"registrationId":221695965,"currentRatchet":{"ephemeralKeyPair":{"pubKey":"BQ9tM+IySKcytL2yoe86cansyxMskPr5WxgIJNhSdKo9","privKey":"qHTxEDgr9f4+wClkGXnVWVqDfFQDxVwopq449nMfdW4="},"lastRemoteEphemeralKey":"BY0APL5Eug1EW5EvKVpJQifiOwSYgHOHnifcRCUSZZJu","previousCounter":0,"rootKey":"0aerhmQFs7OStvxY6Xn/ROwfMR9NYjusSWlp2c2t8T0="},"indexInfo":{"baseKey":"Be9vFONBAJdjQaLdd+aIazD5XVafMetDdLy9mDsZngMc","baseKeyType":1,"closed":-1,"used":1714482102685,"created":1714482102685,"remoteIdentityKey":"BSam5G+AfMYqgBAr9nPXqXpptp2VBaNSzZlMQSotPThC"},"_chains":{"BQ9tM+IySKcytL2yoe86cansyxMskPr5WxgIJNhSdKo9":{"chainKey":{"counter":0,"key":"raPCYpgr3UIrw7EKQQ883Gprbemd6kctcfMluLnrT7I="},"chainType":1,"messageKeys":{}}},"pendingPreKey":{"signedKeyId":1,"baseKey":"Be9vFONBAJdjQaLdd+aIazD5XVafMetDdLy9mDsZngMc","preKeyId":15482315}}},"version":"v1"}