{"_sessions":{"BUkhtvMT8BJNzvflL8E81tScgGwG92jE2nBk8dQVNVsz":{"registrationId":34921033,"currentRatchet":{"ephemeralKeyPair":{"pubKey":"BX0HKtji0DbbYdqyuXTrGP9HPerAfBUkmVUAqbzTkcUJ","privKey":"oHFtiMDAdKeij+abYuJmhCxeIMLMnfrYkntJROYIcUU="},"lastRemoteEphemeralKey":"BdC18ofWywhLHZXDIFdyotp/VqKCRTNb3oxDejBYY6pf","previousCounter":0,"rootKey":"yIwxXKx+dwejjkSbeJxw4B+nFD+D3Os2oqUlygdHBPM="},"indexInfo":{"baseKey":"BUkhtvMT8BJNzvflL8E81tScgGwG92jE2nBk8dQVNVsz","baseKeyType":1,"closed":-1,"used":1714482102676,"created":1714482102676,"remoteIdentityKey":"BboBfwuiqIW21KWZnO9LkAroM14ogdnsAdYErKCCJOBI"},"_chains":{"BX0HKtji0DbbYdqyuXTrGP9HPerAfBUkmVUAqbzTkcUJ":{"chainKey":{"counter":0,"key":"Fhy+ygAnHhifWmx8ntDSjK9RNZ+QDpJ03Vww/ZMboQ8="},"chainType":1,"messageKeys":{}}},"pendingPreKey":{"signedKeyId":4,"baseKey":"BUkhtvMT8BJNzvflL8E81tScgGwG92jE2nBk8dQVNVsz","preKeyId":13955209}}},"version":"v1"}