{"_sessions":{"BY0JxUzj9iHBjE9t09c8jIUXnkc4u+eo9XkvXsILITky":{"registrationId":814883350,"currentRatchet":{"ephemeralKeyPair":{"pubKey":"BfSu/b2NfWGxq/DkMXIo1dlsV9vTHWfHnNqxxcFdaulb","privKey":"QLidaxBwd0issJOKrcJoH0mKlornI+mI1Q9Uy7U15lk="},"lastRemoteEphemeralKey":"BYDMPgPlZJ98W9yYvt1XV9JWGoOHmB3LoLr13TytZk0j","previousCounter":0,"rootKey":"yy981Jboz1r5tyAjPua0V8Gmc2SrCt5lYX0flQMu3DE="},"indexInfo":{"baseKey":"BY0JxUzj9iHBjE9t09c8jIUXnkc4u+eo9XkvXsILITky","baseKeyType":1,"closed":-1,"used":1714482102742,"created":1714482102742,"remoteIdentityKey":"BSnhTq4ykjyAgjg3n7lBkePHqao6UqbsACcWFdpDc6kf"},"_chains":{"BfSu/b2NfWGxq/DkMXIo1dlsV9vTHWfHnNqxxcFdaulb":{"chainKey":{"counter":0,"key":"SkKs8VMvo4r7E/UUZePCcd2SJ2D/sNmqIBjyabBmZ1Y="},"chainType":1,"messageKeys":{}}},"pendingPreKey":{"signedKeyId":1,"baseKey":"BY0JxUzj9iHBjE9t09c8jIUXnkc4u+eo9XkvXsILITky","preKeyId":1967584}}},"version":"v1"}