{"_sessions":{"BSJKCYxVVpPqpJtwD7RIHrjTBduLGnqVAv69LiBm60JX":{"registrationId":1555011245,"currentRatchet":{"ephemeralKeyPair":{"pubKey":"BWPHKp/UNi13m1cr/olnQdELsbXea9clBGwNxW7Qs8k+","privKey":"oBL0fP85euWfU4qvPZ/ViGTyoAiR6LX5CE+EPRAQPnk="},"lastRemoteEphemeralKey":"BQbQdPzcBmUlWYLxBTYxUIgbRkKboXyfo9rca7j5C+ti","previousCounter":0,"rootKey":"Hmo1CAbDtdmkNCw/5MTFIwJ1jHz3ClULC1CcPwgMZRM="},"indexInfo":{"baseKey":"BSJKCYxVVpPqpJtwD7RIHrjTBduLGnqVAv69LiBm60JX","baseKeyType":1,"closed":-1,"used":1714482102673,"created":1714482102673,"remoteIdentityKey":"BQhm6iHh74ZFDKKev6zaA7DTo6Q0ilHI1JJFhn5wm7sr"},"_chains":{"BWPHKp/UNi13m1cr/olnQdELsbXea9clBGwNxW7Qs8k+":{"chainKey":{"counter":0,"key":"kRbJ99huG7dwQ5MW8cJqxjzePf8ctpB8L0x/bhucgOc="},"chainType":1,"messageKeys":{}}},"pendingPreKey":{"signedKeyId":2,"baseKey":"BSJKCYxVVpPqpJtwD7RIHrjTBduLGnqVAv69LiBm60JX"}}},"version":"v1"}