{"_sessions":{"Bb/J2g8yWXvA5LT8mChlJohtomt8PLSwEOWLx8oIMGQp":{"registrationId":1327734294,"currentRatchet":{"ephemeralKeyPair":{"pubKey":"Bezae4TrZTPc/8wbgAfaR0L4O7/XXA81hMdZGAk0+nBb","privKey":"CAW1cEdAwc4202rQ7O0agUu0pPkq8q5Pq6KrVnF6oUg="},"lastRemoteEphemeralKey":"Bb4z7nCjvhha82jg0YxKNS15dL5r1zG/IbBBlVo6RH4h","previousCounter":0,"rootKey":"+A7RKGwRd8ve4qqO4z2YQy9z/rITqHBf8+6o6Ds+/Io="},"indexInfo":{"baseKey":"Bb/J2g8yWXvA5LT8mChlJohtomt8PLSwEOWLx8oIMGQp","baseKeyType":1,"closed":-1,"used":1714482102735,"created":1714482102735,"remoteIdentityKey":"BawCC8udEylAQ8Oz/U60m/48d1t2q3bpfCSoyMlDD0F/"},"_chains":{"Bezae4TrZTPc/8wbgAfaR0L4O7/XXA81hMdZGAk0+nBb":{"chainKey":{"counter":0,"key":"fBG+c3lYngvg1Ah51uZN8SV7wXdTNmJ9UOQQceT/158="},"chainType":1,"messageKeys":{}}},"pendingPreKey":{"signedKeyId":13,"baseKey":"Bb/J2g8yWXvA5LT8mChlJohtomt8PLSwEOWLx8oIMGQp","preKeyId":10401089}}},"version":"v1"}