{"_sessions":{"BQAB9lpWJhzw4XQQHIh7ZxcZWu2MbOGC1aZBe5mIYhNw":{"registrationId":1746550675,"currentRatchet":{"ephemeralKeyPair":{"pubKey":"BS6MJ3UQwL6rWEneXag5yqLNNxVqpjlY3bZ8Dqj+SW09","privKey":"IGRnPaAi0i/riIb5IExTL6HZDAlKWUV9FDMY6HxX03g="},"lastRemoteEphemeralKey":"BYpvcqQLeyvpo3+vCocMghWFfB1SEGhm+7rjXQ6XmvZ+","previousCounter":0,"rootKey":"0SmHa0j43rqDUBsjf4UDw3jBozvhNPFIqe7TnJI27jg="},"indexInfo":{"baseKey":"BQAB9lpWJhzw4XQQHIh7ZxcZWu2MbOGC1aZBe5mIYhNw","baseKeyType":1,"closed":-1,"used":1714482102749,"created":1714482102749,"remoteIdentityKey":"BUnchMSL04+4OL8YtY8qns0tViIH6OG3gI2CbXhPCZda"},"_chains":{"BS6MJ3UQwL6rWEneXag5yqLNNxVqpjlY3bZ8Dqj+SW09":{"chainKey":{"counter":0,"key":"z3FzIXh2Cb+trk8G053GDenmzuxqxPR3XsxqcBHK2wY="},"chainType":1,"messageKeys":{}}},"pendingPreKey":{"signedKeyId":3,"baseKey":"BQAB9lpWJhzw4XQQHIh7ZxcZWu2MbOGC1aZBe5mIYhNw"}}},"version":"v1"}