{"_sessions":{"BUH4wAej+ga4t+aaDZJr16mI1BcqP5k49O4nUg/yoKlU":{"registrationId":1222828981,"currentRatchet":{"ephemeralKeyPair":{"pubKey":"BfiyBj5gQkwZ5DeKscTfs3ASc98SYmtHOb4KQ4SPidUh","privKey":"qBqBvUpTqsxrLeT9e3zSRdqeeI69oSv0kWvzwqqnbGk="},"lastRemoteEphemeralKey":"BUYAa97+ndhMt+BU6GSdSPkzUza8E/2wACrnlrkXzsAy","previousCounter":0,"rootKey":"qont1k0VeTK3AtsmBs1ns11m4y2Hg5FnR2qQX7FZKkk="},"indexInfo":{"baseKey":"BUH4wAej+ga4t+aaDZJr16mI1BcqP5k49O4nUg/yoKlU","baseKeyType":1,"closed":-1,"used":1714482102785,"created":1714482102785,"remoteIdentityKey":"BSPleV2WVCyJMRDY+gO2RWTHEq0VHaN1KlY3AHhkJBpZ"},"_chains":{"BfiyBj5gQkwZ5DeKscTfs3ASc98SYmtHOb4KQ4SPidUh":{"chainKey":{"counter":0,"key":"T22dC0an6s3OneusrJ/n3nQ28rA31mH7pMrTb50k+CY="},"chainType":1,"messageKeys":{}}},"pendingPreKey":{"signedKeyId":10,"baseKey":"BUH4wAej+ga4t+aaDZJr16mI1BcqP5k49O4nUg/yoKlU","preKeyId":11851644}}},"version":"v1"}