{"_sessions":{"BTSuZ4k+Xn9fxmmjdyPmFaRbz82uvF5ZzSht7updyiJ9":{"registrationId":2081175965,"currentRatchet":{"ephemeralKeyPair":{"pubKey":"BaaQENNkUnuH13bx1lkJjBvduv7eeOv+c5ZUiHP6sV9Y","privKey":"OOknXRr0K0rdat2pAVuokTx8sjB18L15q2WsGBRv3FM="},"lastRemoteEphemeralKey":"BTxvm3O7h7OMqZDrInzkYziCiIVb2Dtb0418F2V07+h4","previousCounter":0,"rootKey":"StsrK/nw8ROZxnzxzNZxItzNG961mGNNgkFVe9bswmI="},"indexInfo":{"baseKey":"BTSuZ4k+Xn9fxmmjdyPmFaRbz82uvF5ZzSht7updyiJ9","baseKeyType":1,"closed":-1,"used":1714482102683,"created":1714482102683,"remoteIdentityKey":"BZFQNJMw3piY7gwBIarRVQwgXQzMGYl1YloF5igMPLd2"},"_chains":{"BaaQENNkUnuH13bx1lkJjBvduv7eeOv+c5ZUiHP6sV9Y":{"chainKey":{"counter":0,"key":"s6A4gbGcwdoXYWlj3CfrDNRAUCCtR6DWPh7jVuIUEt4="},"chainType":1,"messageKeys":{}}},"pendingPreKey":{"signedKeyId":8,"baseKey":"BTSuZ4k+Xn9fxmmjdyPmFaRbz82uvF5ZzSht7updyiJ9","preKeyId":4350653}}},"version":"v1"}