{"_sessions":{"BSY+u5bdzyRL2QsaYTdwrWM6kxXsPbzb60OAU3d750AI":{"registrationId":535711285,"currentRatchet":{"ephemeralKeyPair":{"pubKey":"BblPgUo9TrAabzmIWr6a3dg3mM6PEaW6qn9PcXR2clpI","privKey":"OAAYjsMrqjiJf302Wtiw1yUzBEETkSHrhgyePzWl808="},"lastRemoteEphemeralKey":"Bds4AAbaNlGtNrPMxw2xi1tVpU5u1I8htZjhjg3oIT5o","previousCounter":0,"rootKey":"UJS/vJxvEQwDJXo2iPtmM1S1aPrDhXfyWcfmoD+Jlcw="},"indexInfo":{"baseKey":"BSY+u5bdzyRL2QsaYTdwrWM6kxXsPbzb60OAU3d750AI","baseKeyType":1,"closed":-1,"used":1714482102680,"created":1714482102680,"remoteIdentityKey":"BeJoP57ERb8vo+BW0D2j/KkV7e4L8Yd8NxyWwmJ9H3gl"},"_chains":{"BblPgUo9TrAabzmIWr6a3dg3mM6PEaW6qn9PcXR2clpI":{"chainKey":{"counter":0,"key":"ZBLRlGigMVj314I7id69XRr1gmoNcqPX+ns+lBpwB2Y="},"chainType":1,"messageKeys":{}}},"pendingPreKey":{"signedKeyId":1,"baseKey":"BSY+u5bdzyRL2QsaYTdwrWM6kxXsPbzb60OAU3d750AI","preKeyId":4197938}}},"version":"v1"}