{"_sessions":{"BRCOb3E2S1FGMLNqpNR49yoqEz14LswTIzN4wvGgiCk7":{"registrationId":1583816265,"currentRatchet":{"ephemeralKeyPair":{"pubKey":"BfFmSxo0xASqxQ2MJx8vS1ngWga0YpSLmicYXjFk1kZT","privKey":"WDxXtOIUvLC5dbsCSGIoQfTW5WXflyfotbTOx0Jgj3g="},"lastRemoteEphemeralKey":"BbTzVY+ormRax/CsutvGIa3x2FyiqaB1gi/Fvwjql2gl","previousCounter":0,"rootKey":"MG9S3oziiLMKD2kdcLoxZK5ssCVaHq4AREjUn1bpN04="},"indexInfo":{"baseKey":"BRCOb3E2S1FGMLNqpNR49yoqEz14LswTIzN4wvGgiCk7","baseKeyType":1,"closed":-1,"used":1714482102754,"created":1714482102754,"remoteIdentityKey":"BehghiV8yCSucE/3t7+rJaGn8Uu+9BkVgnpr98FQWXMV"},"_chains":{"BfFmSxo0xASqxQ2MJx8vS1ngWga0YpSLmicYXjFk1kZT":{"chainKey":{"counter":0,"key":"juW4FgBOxqP4l+LyAzBWBen2buU54VIRby0EyaBCuos="},"chainType":1,"messageKeys":{}}},"pendingPreKey":{"signedKeyId":25,"baseKey":"BRCOb3E2S1FGMLNqpNR49yoqEz14LswTIzN4wvGgiCk7","preKeyId":2339408}}},"version":"v1"}