{"_sessions":{"BWT5upvs2ZMn2Suu/06fv84tZaOrAgpcp+7vwEe6KZpP":{"registrationId":531508613,"currentRatchet":{"ephemeralKeyPair":{"pubKey":"BZ9jP/YmCNWB7Mx80iF4Vdv9C7WDHP1FARTBQX7kv1cw","privKey":"IKROhWIZSbKRQphX3Ed1Xeb0n+ojUQ+PhWdItf+LyG4="},"lastRemoteEphemeralKey":"BcuGNQPZx/FdiYKnPMPkleUACbuHwGecWu/bedUY27dy","previousCounter":0,"rootKey":"5xAzXdyV87WsCU6WXfPttaGTMOgjpjd3HgrLxeEqQow="},"indexInfo":{"baseKey":"BWT5upvs2ZMn2Suu/06fv84tZaOrAgpcp+7vwEe6KZpP","baseKeyType":1,"closed":-1,"used":1714482102765,"created":1714482102765,"remoteIdentityKey":"BXyBsPkF1KwKHp7NJjBIL5RlW5uXKXrep4dqKvxljhBQ"},"_chains":{"BZ9jP/YmCNWB7Mx80iF4Vdv9C7WDHP1FARTBQX7kv1cw":{"chainKey":{"counter":0,"key":"BDW77pcBqhuJ0G4S5pCK9yQ3fC8jGqO4oAoZ9ar8Hms="},"chainType":1,"messageKeys":{}}},"pendingPreKey":{"signedKeyId":4,"baseKey":"BWT5upvs2ZMn2Suu/06fv84tZaOrAgpcp+7vwEe6KZpP","preKeyId":5043631}}},"version":"v1"}