{"_sessions":{"BSNvda0zEPWQDWHvsuitsi4b3wixWXPcq1JMcShdYNk3":{"registrationId":268298267,"currentRatchet":{"ephemeralKeyPair":{"pubKey":"Bb/x6kdenQnWJQLpSpSm4bFCNeIlpUmdSx7xc7H2NsgY","privKey":"oCrQIeYLrnsDh8rrARptWoOkgPf8jtHnE/U0R1gyiUg="},"lastRemoteEphemeralKey":"Bequ7ymP2G1AHruZIlI6pgbbyK67BxiUxXsvXsrFmvwA","previousCounter":0,"rootKey":"OypmX7EAvQ2MSfy1Yf23vY8csqzD15ITdLBz7bhe7Fs="},"indexInfo":{"baseKey":"BSNvda0zEPWQDWHvsuitsi4b3wixWXPcq1JMcShdYNk3","baseKeyType":1,"closed":-1,"used":1714482102725,"created":1714482102725,"remoteIdentityKey":"BRXCwxNlX5A36Fvapvktrg1FNAA4kHSPxawApKYnkW5e"},"_chains":{"Bb/x6kdenQnWJQLpSpSm4bFCNeIlpUmdSx7xc7H2NsgY":{"chainKey":{"counter":0,"key":"yomIeQr6vTR8xhuHPPnM356JBmCKfA4NmV79tvGuock="},"chainType":1,"messageKeys":{}}},"pendingPreKey":{"signedKeyId":8,"baseKey":"BSNvda0zEPWQDWHvsuitsi4b3wixWXPcq1JMcShdYNk3","preKeyId":5660783}}},"version":"v1"}