{"_sessions":{"BcQFQLu9Mqpl86upIuWkwPRh4ZeNMH/McVNjDe/XkEAT":{"registrationId":177170681,"currentRatchet":{"ephemeralKeyPair":{"pubKey":"BQ/hPiledBDM0FjxR+HcTIyL6zQOLnGmiYLLw57yExk3","privKey":"IOB6qm1xmSMvAIDkQeb/7+RujrXf2y+XXFOz/Yq1CWs="},"lastRemoteEphemeralKey":"BQYgKVQ/AJmjZjpJ8ifSHBUiaBJRf9WWVa7Rdby/LvxA","previousCounter":0,"rootKey":"zgzS7MN6JWCAtTjup3KrfC2qnUzsi8HI2P8dCgYPnhI="},"indexInfo":{"baseKey":"BcQFQLu9Mqpl86upIuWkwPRh4ZeNMH/McVNjDe/XkEAT","baseKeyType":1,"closed":-1,"used":1714482102745,"created":1714482102745,"remoteIdentityKey":"BXpTS/rwN6ws9OuuVf0HZPQAm7ZTZz0jq1sNP7gNYmF2"},"_chains":{"BQ/hPiledBDM0FjxR+HcTIyL6zQOLnGmiYLLw57yExk3":{"chainKey":{"counter":0,"key":"LCGUablDsDIwO5NT8vlUFeQQiItgNHtS6xiBeWYHvg0="},"chainType":1,"messageKeys":{}}},"pendingPreKey":{"signedKeyId":1,"baseKey":"BcQFQLu9Mqpl86upIuWkwPRh4ZeNMH/McVNjDe/XkEAT","preKeyId":2714259}}},"version":"v1"}