{"_sessions":{"BclQ/MBdxk04YDCUuJ4kzYYaD13mpYpFWifufRsWD21C":{"registrationId":777914772,"currentRatchet":{"ephemeralKeyPair":{"pubKey":"BRKP0k9PZS7WJDkQa+j6ns6j48PCDYj6IoL7o1q82fhJ","privKey":"uLVtuS8Qm669s4My3shrlbhxVFlBglKM0Ky86usorV0="},"lastRemoteEphemeralKey":"BYW2cU50X8zrgSQMwTY7mfOpcNZudzQLiEEXZZwqGjVX","previousCounter":0,"rootKey":"QZBm847qdQg/ac6AM72z1jPtRClyWoaXeiUflrSKFO4="},"indexInfo":{"baseKey":"BclQ/MBdxk04YDCUuJ4kzYYaD13mpYpFWifufRsWD21C","baseKeyType":1,"closed":-1,"used":1714483214211,"created":1714482102778,"remoteIdentityKey":"BeoUId9cX5hVqMz32hN8V677NkZu9iLZHqCFTJ4P0R4j"},"_chains":{"BYW2cU50X8zrgSQMwTY7mfOpcNZudzQLiEEXZZwqGjVX":{"chainKey":{"counter":0,"key":"riFtFQZzSxSMis3z/UmFy9LSwrepBvyNMYZNGuzr7Ec="},"chainType":2,"messageKeys":{}},"BRKP0k9PZS7WJDkQa+j6ns6j48PCDYj6IoL7o1q82fhJ":{"chainKey":{"counter":-1,"key":"l6yufYSpLNKNUJh5hh6MQc3fmIMlmKIiNbVIP3GhPRw="},"chainType":1,"messageKeys":{}}}}},"version":"v1"}