{"_sessions":{"BfXMNOr3T971Ts3HhrEAbn75bRRP+MOu+0k4bmHGjnYP":{"registrationId":797743989,"currentRatchet":{"ephemeralKeyPair":{"pubKey":"BUyeHrO+Z9YY88uk929qbgrn3DHzElDDFElGkNA2bhUK","privKey":"wAcNCwzQ3r+q03ajVKB2YoRRDTaTrE0ycY49W+Vcz0M="},"lastRemoteEphemeralKey":"BcTc/P2UN44svOw9E1Fa0+wex9NbBIZwvoXnTwb6CNlA","previousCounter":0,"rootKey":"0JJCVrH2h6R32SGQPealhGg0eBNAq33nAmMK9HVIsR4="},"indexInfo":{"baseKey":"BfXMNOr3T971Ts3HhrEAbn75bRRP+MOu+0k4bmHGjnYP","baseKeyType":1,"closed":-1,"used":1714482102774,"created":1714482102774,"remoteIdentityKey":"BSgHLA+RgGq3EnmHFVNAPkBt0Qywt6qP/XHx2YnKZ8VZ"},"_chains":{"BUyeHrO+Z9YY88uk929qbgrn3DHzElDDFElGkNA2bhUK":{"chainKey":{"counter":0,"key":"rCBNHOKg4jG/4774jKFIkpt7gsMUT2qw48dLB8yPh5M="},"chainType":1,"messageKeys":{}}},"pendingPreKey":{"signedKeyId":12,"baseKey":"BfXMNOr3T971Ts3HhrEAbn75bRRP+MOu+0k4bmHGjnYP","preKeyId":12832407}}},"version":"v1"}