{"_sessions":{"BbtOW02DetdGJ9jiBhQPGTLGUqHl5OuCxmiqAOpgMxZJ":{"registrationId":1655929297,"currentRatchet":{"ephemeralKeyPair":{"pubKey":"BWM8dY4mZv11yCRq/OVXlNzhoeJteCPCRgf2pZsHNltT","privKey":"SDM3xU32B00p3s1wb93esiBdm29Qf4IEDegDbJpT2kI="},"lastRemoteEphemeralKey":"BZd7Bl0dpohsLW8K/eNxlMBbVG8m4Izbzt38FxqriqIu","previousCounter":0,"rootKey":"a6sBElSNJPzEwz40M86p/ZKSc8iK7G9HppZz4u3rUKw="},"indexInfo":{"baseKey":"BbtOW02DetdGJ9jiBhQPGTLGUqHl5OuCxmiqAOpgMxZJ","baseKeyType":1,"closed":-1,"used":1714482102729,"created":1714482102729,"remoteIdentityKey":"BZoCpYgy/XrcL0hBBEHAWltPFSlloasq6IWIWHsQA5oD"},"_chains":{"BWM8dY4mZv11yCRq/OVXlNzhoeJteCPCRgf2pZsHNltT":{"chainKey":{"counter":0,"key":"21XsdtdwpkibxXdbr/RHlihWUpPseVGrwSOm6s9SFLA="},"chainType":1,"messageKeys":{}}},"pendingPreKey":{"signedKeyId":8,"baseKey":"BbtOW02DetdGJ9jiBhQPGTLGUqHl5OuCxmiqAOpgMxZJ","preKeyId":16712212}}},"version":"v1"}