{"_sessions":{"Bd+0kIXfjeXclzqpLjj8X1X4daJ4n/g1xTU5Ic8aXgtv":{"registrationId":1276527608,"currentRatchet":{"ephemeralKeyPair":{"pubKey":"Bewl55yfJ3xRDVW5twcdFnvFShDeb3ej8PBy5n1y4EFK","privKey":"aHOQBSQd7K149eGcqB9jOd5y8FEPb++5aE0FVDr6S0c="},"lastRemoteEphemeralKey":"BW82dIDEEr5BoznQs01EvyCzH4jobCLXSwLQM4fUtIxY","previousCounter":0,"rootKey":"UpvaH9OJo2S1xWZ7X6ynzLN3g/ZdlLVtcF5brRdUMYI="},"indexInfo":{"baseKey":"Bd+0kIXfjeXclzqpLjj8X1X4daJ4n/g1xTU5Ic8aXgtv","baseKeyType":1,"closed":-1,"used":1714482102690,"created":1714482102690,"remoteIdentityKey":"BczDNIxER7qnCEVgZKgQYllTTlBxFcWGNL3JTFjxpVEG"},"_chains":{"Bewl55yfJ3xRDVW5twcdFnvFShDeb3ej8PBy5n1y4EFK":{"chainKey":{"counter":0,"key":"oNUHSBI9OZS9E+IWZiRDraxv2goEZ1xa5pxvP6v9RnY="},"chainType":1,"messageKeys":{}}},"pendingPreKey":{"signedKeyId":1,"baseKey":"Bd+0kIXfjeXclzqpLjj8X1X4daJ4n/g1xTU5Ic8aXgtv","preKeyId":7048234}}},"version":"v1"}