{"_sessions":{"BSQqgbe4wFxIgb4cqx9AhtSdGAfB1+mcNI38srYJen0o":{"registrationId":723783283,"currentRatchet":{"ephemeralKeyPair":{"pubKey":"BUras+Nd8ZtPo2W7eQGVvWDXl7zxQJhg+6+o+/ZbbdR6","privKey":"yIbXEJeWzsGgE4ftrwLE9L+HsZRvxZDkLlETPrPACFE="},"lastRemoteEphemeralKey":"BZZQjR+pBky2/cC2cZDLDohyPWjcTAFSSTY3uP/vQxI6","previousCounter":0,"rootKey":"4QCNgbNG44xlIX8IDBdxraRmIwVV3AFC+CjUeRYf+Ow="},"indexInfo":{"baseKey":"BSQqgbe4wFxIgb4cqx9AhtSdGAfB1+mcNI38srYJen0o","baseKeyType":1,"closed":-1,"used":1714482102731,"created":1714482102731,"remoteIdentityKey":"Bf7EDmqB2plILCj/Amfd9S4BnEGRw1wplW/iYzo2oIdI"},"_chains":{"BUras+Nd8ZtPo2W7eQGVvWDXl7zxQJhg+6+o+/ZbbdR6":{"chainKey":{"counter":0,"key":"rrpdTOieh+U+KVQTdyNvSzoWzyEXihqqdcyBHj8BJeA="},"chainType":1,"messageKeys":{}}},"pendingPreKey":{"signedKeyId":4,"baseKey":"BSQqgbe4wFxIgb4cqx9AhtSdGAfB1+mcNI38srYJen0o"}}},"version":"v1"}