{"_sessions":{"BU9lfCQCtR2O1UrszEPns+Uyc0Y1wUFFaD7TBjbUT1om":{"registrationId":1897652780,"currentRatchet":{"ephemeralKeyPair":{"pubKey":"BWWcLC/5oJUiQlQlzKkicWnBGujY2tXTmBjb8JDNrJ5F","privKey":"KHff748DQSnTBycH7zG2a+99SeP3DjxTr0iYoBAIjXE="},"lastRemoteEphemeralKey":"Bb81YQFKJOtsmL+Yg+q1B2rAnDt2Fj446rJUCPh//qxt","previousCounter":0,"rootKey":"gdH030n5ZI06aHD7TTao7r8o7XammRaia1JuBi9C1aE="},"indexInfo":{"baseKey":"BU9lfCQCtR2O1UrszEPns+Uyc0Y1wUFFaD7TBjbUT1om","baseKeyType":1,"closed":-1,"used":1714482102763,"created":1714482102763,"remoteIdentityKey":"BcxUjeSlZOTRDNTN2SGSsFR+sYvDlPKwwZvMeaf9RZYN"},"_chains":{"BWWcLC/5oJUiQlQlzKkicWnBGujY2tXTmBjb8JDNrJ5F":{"chainKey":{"counter":0,"key":"Ny8Zkv10HN8e0XljI85bHsOlc6H2n8Y3MuI2XRDGp64="},"chainType":1,"messageKeys":{}}},"pendingPreKey":{"signedKeyId":23,"baseKey":"BU9lfCQCtR2O1UrszEPns+Uyc0Y1wUFFaD7TBjbUT1om"}}},"version":"v1"}