{"_sessions":{"BZ2BWzwrsT7fNXQoL/5iSMEsRjMFtSXH3W5ddH5izltC":{"registrationId":962791451,"currentRatchet":{"ephemeralKeyPair":{"pubKey":"BZsFJvrwZ3KSlIMxGbnuxa8wE/NYj8tiYwwR/CRA/pd3","privKey":"AFk0PExVPzLYwHk00OFFw/os2M/A1Ex2BsWYJBPNMG4="},"lastRemoteEphemeralKey":"BaSIrLLYVnLo9Zu7DfWsBpBVmZOeDJD4a9BhNI3wHXd+","previousCounter":0,"rootKey":"FQGdIZIsPdjcTq4PhVXsk8vfoW55pZ2/Uhd3GHMWQFI="},"indexInfo":{"baseKey":"BZ2BWzwrsT7fNXQoL/5iSMEsRjMFtSXH3W5ddH5izltC","baseKeyType":1,"closed":-1,"used":1714482102758,"created":1714482102758,"remoteIdentityKey":"BYrQMTiGWcynLwItwZIFz4+kqSesAXZSWi0tXO5hUuNo"},"_chains":{"BZsFJvrwZ3KSlIMxGbnuxa8wE/NYj8tiYwwR/CRA/pd3":{"chainKey":{"counter":0,"key":"aS3l5kr8htRaIfrYLeEFlOTB+EQNaFjJA1gb3UaN6ZA="},"chainType":1,"messageKeys":{}}},"pendingPreKey":{"signedKeyId":16,"baseKey":"BZ2BWzwrsT7fNXQoL/5iSMEsRjMFtSXH3W5ddH5izltC"}}},"version":"v1"}