{"_sessions":{"BTwP8mnOePhQDgSRVqtj+GRiaJFg2NXqFYTIByg0WWMK":{"registrationId":22242681,"currentRatchet":{"ephemeralKeyPair":{"pubKey":"BfeLnVG51LKk8kI7kqfK+aIDx4MyxwVsXrXMlPRkYNhp","privKey":"eK1VHPn0AMa8QmQAS0HWkG6nynQ8hco0stjuz8BGAFo="},"lastRemoteEphemeralKey":"BTQtnOYbwhMdgbNF6PfF8pIc9xPjaHx7LZKr9mVS8lY9","previousCounter":0,"rootKey":"QSdiAYQq/h/ljZ5I+q/yrNhlphkf+gqk/d8n7o3qkek="},"indexInfo":{"baseKey":"BTwP8mnOePhQDgSRVqtj+GRiaJFg2NXqFYTIByg0WWMK","baseKeyType":1,"closed":-1,"used":1714482102792,"created":1714482102792,"remoteIdentityKey":"Ba9ji5NqfFnvZDgZYJSzgFskRReL1kXV2V5XW5GboVYp"},"_chains":{"BfeLnVG51LKk8kI7kqfK+aIDx4MyxwVsXrXMlPRkYNhp":{"chainKey":{"counter":0,"key":"O/sLmilXxxWV/PHTEDJVguSbrRJuL7omW/oRRlK3GrE="},"chainType":1,"messageKeys":{}}},"pendingPreKey":{"signedKeyId":1,"baseKey":"BTwP8mnOePhQDgSRVqtj+GRiaJFg2NXqFYTIByg0WWMK"}}},"version":"v1"}