{"_sessions":{"BaZqBSNo0wjyXZ8LIc9aukepCxBu7GuIxZpVzGGz3y9/":{"registrationId":342264689,"currentRatchet":{"ephemeralKeyPair":{"pubKey":"Be0Av6cts/p/t32Gp1ECwFLu8YHWSng7YnCRdO6X8AQb","privKey":"KPowtZwF/AqRlTqqlIQxfipRJfaUtBX3NfYKzO7krn4="},"lastRemoteEphemeralKey":"BTYMORbAREvitY5ph11UOHju9CW4Z+J1PN6+iFu7CSw9","previousCounter":0,"rootKey":"N8BGh5yhc8GFSvizplIdHNlm2U3bMVub+hB+NxyY2Pk="},"indexInfo":{"baseKey":"BaZqBSNo0wjyXZ8LIc9aukepCxBu7GuIxZpVzGGz3y9/","baseKeyType":1,"closed":-1,"used":1714482102771,"created":1714482102771,"remoteIdentityKey":"BZDBFhuwiwJaKPdKg/M8pc7aZEMx0Bike/JDLTGpgYZD"},"_chains":{"Be0Av6cts/p/t32Gp1ECwFLu8YHWSng7YnCRdO6X8AQb":{"chainKey":{"counter":0,"key":"mij7hYv2u1LH7/aH03CyLusVXU+YPs7r0Bh2s04S8wk="},"chainType":1,"messageKeys":{}}},"pendingPreKey":{"signedKeyId":1,"baseKey":"BaZqBSNo0wjyXZ8LIc9aukepCxBu7GuIxZpVzGGz3y9/"}}},"version":"v1"}