{"_sessions":{"Bb9Psq3Fn/lVu/yobIy9zO/6dS6mmovf3zqIUZLUpy5c":{"registrationId":120106908,"currentRatchet":{"ephemeralKeyPair":{"pubKey":"BTClT8K4O7tAr5VLacG7Fjk58cRCM26njlz+StpE9PxO","privKey":"ADQuw88JT1hvRdP2+jNW5KLTVpVAMyOXghaljyb2Tm4="},"lastRemoteEphemeralKey":"BXeOm+ezZBl4rp6beEnihU8qnFfukaxFM6YO06L/8jt1","previousCounter":0,"rootKey":"6N7Dp+9D+D/1J2EvET8z0n103QUcxB77+KjRsT23kkU="},"indexInfo":{"baseKey":"Bb9Psq3Fn/lVu/yobIy9zO/6dS6mmovf3zqIUZLUpy5c","baseKeyType":1,"closed":-1,"used":1714482102751,"created":1714482102751,"remoteIdentityKey":"BQO6vVBnXiufzUH5HsqJbXIktmAE7lYpgF1c7P1v6bFV"},"_chains":{"BTClT8K4O7tAr5VLacG7Fjk58cRCM26njlz+StpE9PxO":{"chainKey":{"counter":0,"key":"lIyk/M3zC/zB4mghMIYVzjZMFW9BadF5Hw5TNjrxRuo="},"chainType":1,"messageKeys":{}}},"pendingPreKey":{"signedKeyId":0,"baseKey":"Bb9Psq3Fn/lVu/yobIy9zO/6dS6mmovf3zqIUZLUpy5c","preKeyId":1634280}}},"version":"v1"}